Sorter,Category,Taxa_identified,Common_name,Group_family,Group_finescale,Group_guts,Group_zoop,Group_Matt_simple,Group_Granular,Group_manuscript,Group_Broad,Phylum,Subphylum,Class,Subclass,Order,Suborder,Family,Genus,Species,Body_size_mm,Size_class,mass_ug,Biomass_citation,Indicator_species,Traits,Citations,Comment
1,Other,gammarus,Scuds,Amphipoda,Gammaridae,Amphipoda,Amphipoda,Rare,Amphipoda,Rare,Other,Arthropoda,Crustacea,Malacostraca,NA,Amphipoda,NA,Gammaridae,Gammarus,NA,NA,NA,NA,NA,NA,NA,NA,NA
1,Other,hyalella,Scuds,Amphipoda,Hyalellidae,Amphipoda,Amphipoda,Rare,Amphipoda,Rare,Other,Arthropoda,Crustacea,Malacostraca,NA,Amphipoda,NA,Hyalellidae,Hyallela,NA,NA,NA,NA,NA,NA,NA,NA,NA
1,Other,corophiidae,NA,Amphipoda,Corophiidae,Amphipoda,Amphipoda,Rare,Amphipoda,Rare,Other,Arthropoda,Crustacea,Malacostraca,NA,Amphipoda,Corophiidea,Corophiidae,NA,NA,NA,NA,NA,NA,NA,NA,NA,NA
1,Other,amphipoda,NA,Amphipoda,Amphipoda,Amphipoda,Amphipoda,Rare,Amphipoda,Rare,Other,Arthropoda,Crustacea,Malacostraca,NA,Amphipoda,NA,NA,NA,NA,NA,NA,NA,NA,NA,NA,NA,NA
1,Other,malacostraca,NA,Amphipoda,Malacostraca,Amphipoda,Amphipoda,Rare,Amphipoda,Rare,Other,Arthropoda,Crustacea,Malacostraca,NA,NA,NA,NA,NA,NA,NA,NA,NA,NA,NA,NA,NA,NA
1,Other,decapoda,NA,Amphipoda,Decapoda,Amphipoda,Amphipoda,Rare,Amphipoda,Rare,Other,Arthropoda,Crustacea,Malacostraca,NA,decapoda,NA,NA,NA,NA,NA,NA,NA,NA,NA,NA,NA,NA
1,Other,isopoda,Wood lice,Amphipoda,Isopoda,Amphipoda,Amphipoda,Rare,Amphipoda,Rare,Other,Arthropoda,Crustacea,Malacostraca,NA,Isopoda,NA,NA,NA,NA,NA,NA,NA,NA,NA,NA,NA,NA
2,Small Cladoceran,bosmina,Water fleas,Bosminidae,Bosminidae,Cladocera,Small cladocera,Small cladocera,Cladocera,Small cladocera,Cladocera,Arthropoda,Crustacea,Branchipoda,NA,Diplostraca,Cladocera,Bosminidae,Bosmina,NA,0.6,NA,NA,https://www.jstor.org/stable/4215097?seq=4,NA,NA,https://academic.oup.com/zoolinnean/article/187/4/1119/5580370,NA
2,Small Cladoceran,sphaericus,Water fleas,Chydoridae,Chydoridae,Cladocera,Small cladocera,Small cladocera,Cladocera,Small cladocera,Cladocera,Arthropoda,Crustacea,Branchipoda,NA,Diplostraca,Cladocera,Chydoridae,Chydorus,sphaericus,0.48,NA,NA,NA,NA,NA,NA,NA
2,Small Cladoceran,alona,Water fleas,Chydoridae,Chydoridae,Cladocera,Small cladocera,Small cladocera,Cladocera,Small cladocera,Cladocera,Arthropoda,Crustacea,Branchipoda,NA,Diplostraca,Cladocera,Chydoridae,Alona,NA,0.59,Large,NA,NA,NA,NA,NA,NA
2,Small Cladoceran,chydorus,Water fleas,Chydoridae,Chydoridae,Cladocera,Small cladocera,Small cladocera,Cladocera,Small cladocera,Cladocera,Arthropoda,Crustacea,Branchipoda,NA,Diplostraca,Cladocera,Chydoridae,Chydorus,NA,0.46,NA,NA,NA,NA,NA,NA,NA
2,Large Cladoceran,eurycercus,Water fleas,Chydoridae,Chydoridae,Cladocera,Large cladocera,Large cladocera,Cladocera,Large cladocera,Cladocera,Arthropoda,Crustacea,Branchipoda,NA,Diplostraca,Cladocera,Chydoridae,Eurycercus,NA,3.01,Large,NA,NA,NA,NA,NA,NA
2,Small Cladoceran,chydoridae,Water fleas,Chydoridae,Chydoridae,Cladocera,Small cladocera,Small cladocera,Cladocera,Small cladocera,Cladocera,Arthropoda,Crustacea,Branchipoda,NA,Diplostraca,Cladocera,Chydoridae,NA,NA,0.58,NA,NA,NA,NA,NA,NA,NA
2,Small Cladoceran,ceriodaphnia,Water fleas,Daphniidae,Daphniidae,Cladocera,Small cladocera,Small cladocera,Cladocera,Small cladocera,Cladocera,Arthropoda,Crustacea,Branchipoda,NA,Diplostraca,Cladocera,Daphniidae,Ceriodaphnia,NA,0.94,NA,NA,NA,NA,NA,NA,NA
2,Large Cladoceran,daphniidae,Water fleas,Daphniidae,Daphniidae,Cladocera,Small cladocera,Small cladocera,Cladocera,Small cladocera,Cladocera,Arthropoda,Crustacea,Branchipoda,NA,Diplostraca,Cladocera,Daphniidae,NA,NA,2.5,Large,NA,NA,NA,NA,NA,NA
2,Large Cladoceran,daphnia,Water fleas,Daphniidae,Daphniidae,Cladocera,Large cladocera,Large cladocera,Cladocera,Large cladocera,Cladocera,Arthropoda,Crustacea,Branchipoda,NA,Diplostraca,Cladocera,Daphniidae,Daphnia,NA,2.89,Large,NA,NA,NA,NA,NA,NA
2,Large Cladoceran,magna,Water fleas,Daphniidae,Daphniidae,Cladocera,Large cladocera,Large cladocera,Cladocera,Large cladocera,Cladocera,Arthropoda,Crustacea,Branchipoda,NA,Diplostraca,Cladocera,Daphniidae,Daphnia,magna,6,Large,NA,https://www.jstor.org/stable/4215097?seq=4,NA,NA,NA,NA
2,Large Cladoceran,mendotae,Water fleas,Daphniidae,Daphniidae,Cladocera,Large cladocera,Large cladocera,Cladocera,Large cladocera,Cladocera,Arthropoda,Crustacea,Branchipoda,NA,Diplostraca,Cladocera,Daphniidae,Daphnia,mendotae,2.8,Large,NA,NA,NA,NA,NA,NA
2,Small Cladoceran,parvula,Water fleas,Daphniidae,Daphniidae,Cladocera,Small cladocera,Small cladocera,Cladocera,Small cladocera,Cladocera,Arthropoda,Crustacea,Branchipoda,NA,Diplostraca,Cladocera,Daphniidae,Daphnia,parvula,1.5,NA,NA,NA,NA,NA,NA,NA
2,Large Cladoceran,pulex,Water fleas,Daphniidae,Daphniidae,Cladocera,Large cladocera,Large cladocera,Cladocera,Large cladocera,Cladocera,Arthropoda,Crustacea,Branchipoda,NA,Diplostraca,Cladocera,Daphniidae,Daphnia,pulex,3.5,Large,NA,Corline,NA,NA,NA,NA
2,Small Cladoceran,laevis,Water fleas,Daphniidae,Daphniidae,Cladocera,Small cladocera,Small cladocera,Cladocera,Small cladocera,Cladocera,Arthropoda,Crustacea,Branchipoda,NA,Diplostraca,Cladocera,Daphniidae,Daphnia,laevis,2,NA,NA,NA,NA,NA,NA,NA
2,Small Cladoceran,scapholeberis,Water fleas,Daphniidae,Daphniidae,Cladocera,Small cladocera,Small cladocera,Cladocera,Small cladocera,Cladocera,Arthropoda,Crustacea,Branchipoda,NA,Diplostraca,Cladocera,Daphniidae,Scapholeberis,NA,1.05,NA,NA,NA,NA,NA,NA,NA
2,Large Cladoceran,simocephalus,Water fleas,Daphniidae,Daphniidae,Cladocera,Large cladocera,Large cladocera,Cladocera,Large cladocera,Cladocera,Arthropoda,Crustacea,Branchipoda,NA,Diplostraca,Cladocera,Daphniidae,Simocephalus,NA,2.5,Large,NA,NA,NA,"Large, movement limited",NA,NA
2,Small Cladoceran,ilyocryptus,Water fleas,Ilyocryptidae,Ilyocryptidae,Cladocera,Small cladocera,Small cladocera,Cladocera,Small cladocera,Cladocera,Arthropoda,Crustacea,Branchipoda,NA,Diplostraca,Cladocera,Ilyocryptidae,Ilyocryptus,NA,0.89,NA,NA,NA,NA,NA,NA,NA
2,Small Cladoceran,macrothricidae,Water fleas,Macrothricidae,Macrothricidae,Cladocera,Small cladocera,Small cladocera,Cladocera,Small cladocera,Cladocera,Arthropoda,Crustacea,Branchipoda,NA,Diplostraca,Cladocera,Macrothricidae,Macrothricidae,NA,0.88,NA,NA,NA,NA,NA,NA,NA
2,Small Cladoceran,macrothrix,Water fleas,Macrothricidae,Macrothricidae,Cladocera,Small cladocera,Small cladocera,Cladocera,Small cladocera,Cladocera,Arthropoda,Crustacea,Branchipoda,NA,Diplostraca,Cladocera,Macrothricidae,Macrothrix,NA,0.88,NA,NA,NA,NA,NA,NA,NA
2,Small Cladoceran,streblocerus,Water fleas,Macrothricidae,Macrothricidae,Cladocera,Small cladocera,Small cladocera,Cladocera,Small cladocera,Cladocera,Arthropoda,Crustacea,Branchipoda,NA,Diplostraca,Cladocera,Macrothricidae,Streblocerus,NA,0.88,NA,NA,NA,NA,NA,NA,NA
2,Small Cladoceran,moina,Water fleas,Moinidae,Moinidae,Cladocera,Small cladocera,Small cladocera,Cladocera,Small cladocera,Cladocera,Arthropoda,Crustacea,Branchipoda,NA,Diplostraca,Cladocera,Moinidae,Moina,NA,1.17,NA,NA,NA,NA,NA,NA,NA
2,Small Cladoceran,diaphanosoma,Water fleas,Sididae,Sididae,Cladocera,Small cladocera,Small cladocera,Cladocera,Small cladocera,Cladocera,Arthropoda,Crustacea,Branchipoda,NA,Diplostraca,Cladocera,Sididae,Diaphanosoma,NA,1.11,NA,NA,NA,NA,NA,NA,NA
2,Large Cladoceran,sida,Water fleas,Sididae,Sididae,Cladocera,Large cladocera,Large cladocera,Cladocera,Large cladocera,Cladocera,Arthropoda,Crustacea,Branchipoda,NA,Diplostraca,Cladocera,Sididae,Sida,NA,4,Large,NA,NA,NA,NA,NA,NA
2,Large Cladoceran,sididae,Water fleas,Sididae,Sididae,Cladocera,Small cladocera,Small cladocera,Cladocera,Small cladocera,Cladocera,Arthropoda,Crustacea,Branchipoda,NA,Diplostraca,Cladocera,Sididae,NA,NA,1.55,Large,NA,NA,NA,NA,NA,NA
2,Small Cladoceran,cladocera,Water fleas,Cladocera_other,Cladocera,Cladocera,Small cladocera,Small cladocera,Cladocera,Small cladocera,Cladocera,Arthropoda,Crustacea,Branchipoda,NA,Diplostraca,Cladocera,NA,NA,NA,1.19,NA,NA,NA,NA,NA,NA,NA
2,Copepod,mucronata,NA,Normanellidae,Normanellidae,Copepoda,Harpacticoida,Harpacticoida,Copepoda,Copepoda,Copepoda,Arthropoda,NA,Hexanauplia,Copepoda,Harpacticoida,NA,Normanellidae,Normanella,NA,NA,NA,NA,NA,NA,NA,NA,NA
2,Copepod,harpacticoida,NA,Harpacticoida,Harpacticoida,Copepoda,Harpacticoida,Harpacticoida,Copepoda,Copepoda,Copepoda,Arthropoda,NA,Hexanauplia,Copepoda,Harpacticoida,NA,NA,NA,NA,NA,NA,NA,NA,NA,NA,NA,NA
2,Copepod,calanoida,NA,Calanoida,Calanoida,Copepoda,Calanoida,Calanoida,Copepoda,Copepoda,Copepoda,Arthropoda,NA,Maxillopoda,Copepoda,Calanoida,NA,Calanoida,Calanoida,NA,NA,NA,NA,copepedite: .6,NA,NA,NA,NA
2,Copepod,pseudodiaptomidae,NA,Pseudodiaptomidae,Pseudodiaptomidae,Copepoda,Calanoida,Calanoida,Copepoda,Copepoda,Copepoda,Arthropoda,NA,Maxillopoda,Copepoda,Calanoida,NA,Pseudodiaptomidae,NA,NA,NA,NA,NA,copepedite: .75,NA,NA,NA,NA
2,Copepod,acanthocyclops,NA,Cyclopidae,Cyclopidae,Copepoda,Cyclopoida,Cyclopoida,Copepoda,Copepoda,Copepoda,Arthropoda,NA,Maxillopoda,Copepoda,Cyclopoida,NA,Cyclopidae,Acanthocyclops,NA,NA,NA,NA,copepedite: .75,NA,"Zooplankton predator, energy beneficial",NA,NA
2,Copepod,cyclopidae,NA,Cyclopidae,Cyclopidae,Copepoda,Cyclopoida,Cyclopoida,Copepoda,Copepoda,Copepoda,Arthropoda,NA,Maxillopoda,Copepoda,Cyclopoida,NA,Cyclopidae,Cyclopidae,NA,NA,NA,NA,NA,NA,NA,NA,NA
2,Copepod,cyclopoid,NA,Cyclopidae,Cyclopidae,Copepoda,Cyclopoida,Cyclopoida,Copepoda,Copepoda,Copepoda,Arthropoda,NA,Maxillopoda,Copepoda,Cyclopoida,NA,Cyclopidae,Cyclopidae,NA,NA,NA,NA,NA,NA,NA,NA,NA
2,Copepod,cyclopoida,NA,Cyclopidae,Cyclopidae,Copepoda,Cyclopoida,Cyclopoida,Copepoda,Copepoda,Copepoda,Arthropoda,NA,Maxillopoda,Copepoda,Cyclopoida,NA,Cyclopidae,Cyclopidae,NA,NA,NA,NA,NA,NA,NA,NA,NA
2,Copepod,copepoda,NA,Copepoda_other,Copepoda,Copepoda,Copepoda,Copepoda,Copepoda,Copepoda,Copepoda,Arthropoda,NA,Maxillopoda,Copepoda,NA,NA,NA,NA,NA,NA,NA,NA,NA,NA,NA,NA,NA
2,Ostracod,cypridopsis,ostracod,Cyprididae,Cyprididae,Ostracoda,Ostracoda,Ostracoda,Ostracoda,Ostracoda,Ostracoda,Arthropoda,NA,Ostracoda,Podacopa,Podacopida,NA,Cyprididae,Cypridopsis,NA,NA,NA,NA,NA,NA,NA,NA,NA
2,Ostracod,eucypris,ostracod,Cyprididae,Cyprididae,Ostracoda,Ostracoda,Ostracoda,Ostracoda,Ostracoda,Ostracoda,Arthropoda,NA,Ostracoda,Podacopa,Podacopida,NA,Cyprididae,Eucypris,NA,NA,NA,NA,NA,NA,NA,NA,NA
2,Ostracod,illyocypris,ostracod,Cyprididae,Cyprididae,Ostracoda,Ostracoda,Ostracoda,Ostracoda,Ostracoda,Ostracoda,Arthropoda,NA,Ostracoda,Podacopa,Podacopida,NA,Cyprididae,Illyocypris,NA,NA,NA,NA,NA,NA,NA,NA,NA
2,Ostracod,ilyocypris,ostracod,Cyprididae,Cyprididae,Ostracoda,Ostracoda,Ostracoda,Ostracoda,Ostracoda,Ostracoda,Arthropoda,NA,Ostracoda,Podacopa,Podacopida,NA,Cyprididae,Illyocypris,NA,NA,NA,NA,NA,NA,NA,NA,NA
2,Ostracod,cyprididae,ostracod,Cyprididae,Cyprididae,Ostracoda,Ostracoda,Ostracoda,Ostracoda,Ostracoda,Ostracoda,Arthropoda,NA,Ostracoda,Podacopa,Podacopida,NA,Cyprididae,NA,NA,NA,NA,NA,NA,NA,NA,NA,NA
2,Ostracod,podacopida,ostracod,Ostracoda_other,Ostracoda,Ostracoda,Ostracoda,Ostracoda,Ostracoda,Ostracoda,Ostracoda,Arthropoda,NA,Ostracoda,Podacopa,Podacopida,NA,NA,NA,NA,NA,NA,NA,NA,NA,NA,NA,NA
2,Ostracod,podacopa,ostracod,Ostracoda_other,Ostracoda,Ostracoda,Ostracoda,Ostracoda,Ostracoda,Ostracoda,Ostracoda,Arthropoda,NA,Ostracoda,Podacopa,NA,NA,NA,NA,NA,NA,NA,NA,NA,NA,NA,NA,NA
2,Ostracod,ostracoda,ostracod,Ostracoda_other,Ostracoda,Ostracoda,Ostracoda,Ostracoda,Ostracoda,Ostracoda,Ostracoda,Arthropoda,NA,Ostracoda,NA,NA,NA,NA,NA,NA,NA,NA,NA,NA,NA,NA,NA,NA
2,Rotifer,rotifera,Wheel animals,Rotifera,Rotifera,Rare,Rotifera,Rotifera,Rotifera,Rotifera,Rotifera,Rotifera,NA,Rotifera,NA,NA,NA,NA,NA,NA,NA,NA,NA,NA,NA,NA,NA,NA
3,Macro Invertebrate,ceratopogonidae,Biting midge,Diptera,Ceratopogonidae,Insecta,Insecta,Diptera,Insecta,Aquatic insect,Insecta,Arthropoda,Hexapoda,Insecta,NA,Diptera,NA,Ceratopogonidae,NA,NA,NA,NA,NA,NA,NA,NA,NA,NA
3,Chironomidae,chironomidae,Midge,Diptera,Chironomidae,Insecta,Insecta,Diptera,Insecta,Aquatic insect,Insecta,Arthropoda,Hexapoda,Insecta,NA,Diptera,NA,Chironomidae,NA,NA,NA,NA,NA,(https://www.journals.uchicago.edu/doi/10.1899/12-168.1),NA,NA,NA,May need to differentiate lifestage here to estimate biomass
3,Macro Invertebrate,dixidae,Meniscus midge,Diptera,Dixidae,Insecta,Insecta,Diptera,Insecta,Aquatic insect,Insecta,Arthropoda,Hexapoda,Insecta,NA,Diptera,NA,Dixidae,NA,NA,NA,NA,NA,NA,NA,NA,NA,NA
3,Macro Invertebrate,simuliidae,Black flies,Diptera,Simuliidae,Insecta,Insecta,Diptera,Insecta,Aquatic insect,Insecta,Arthropoda,Hexapoda,Insecta,NA,Diptera,NA,Simuliidae,Simuliidae,NA,NA,NA,NA,NA,NA,NA,NA,NA
3,Macro Invertebrate,diptera,Flys,Diptera,Diptera,Insecta,Insecta,Diptera,Insecta,Aquatic insect,Insecta,Arthropoda,Hexapoda,Insecta,NA,Diptera,NA,NA,NA,NA,NA,NA,NA,NA,NA,NA,NA,NA
3,Macro Invertebrate,culicidae,Mosquito,Diptera,Culicidae,Insecta,Insecta,Diptera,Insecta,Aquatic insect,Insecta,Arthropoda,Hexapoda,Insecta,NA,Diptera,NA,Culicidae,NA,NA,NA,NA,NA,NA,NA,NA,NA,NA
3,Macro Invertebrate,drosophilidae,Fruit flies and relatives,Diptera,Drosophilidae,Insecta,Insecta,Diptera,Insecta,Aquatic insect,Insecta,Arthropoda,Hexapoda,Insecta,NA,Diptera,NA,Drosophilidae,NA,NA,NA,NA,NA,NA,NA,NA,NA,NA
3,Macro Invertebrate,tephritidae,Fruit flies and relatives,Diptera,tephritidae,Insecta,Insecta,Diptera,Insecta,Aquatic insect,Insecta,Arthropoda,Hexapoda,Insecta,NA,Diptera,NA,tephritidae,NA,NA,NA,NA,NA,NA,NA,NA,NA,NA
3,Macro Invertebrate,empididae,dagger and balloon flies,Diptera,Empididae,Insecta,Insecta,Diptera,Insecta,Aquatic insect,Insecta,Arthropoda,Hexapoda,Insecta,NA,Diptera,Brachycera,Empididae,NA,NA,NA,NA,NA,NA,NA,NA,NA,NA
3,Macro Invertebrate,phoridae,Similar to fruit flies,Diptera,Phoridae,Insecta,Insecta,Diptera,Insecta,Aquatic insect,Insecta,Arthropoda,Hexapoda,Insecta,NA,Diptera,NA,Phoridae,NA,NA,NA,NA,NA,NA,NA,NA,NA,NA
3,Macro Invertebrate,ephydridae,Shore flies,Diptera,ephydridae,Insecta,Insecta,Diptera,Insecta,Aquatic insect,Insecta,Arthropoda,Hexapoda,Insecta,NA,Diptera,NA,ephydridae,NA,NA,NA,NA,NA,NA,NA,NA,NA,NA
3,Other,acari,Mites and ticks,Arachnida,Acari,Insecta,Insecta,Terrestrial insect,Insecta,Terrestrial insect,Insecta,Arthropoda,Hexapoda,Arachnida,Acari,NA,NA,NA,NA,NA,NA,NA,NA,NA,NA,NA,NA,NA
3,Other,hydracarina,Mites and ticks,Arachnida,hydracarina,Insecta,Insecta,Terrestrial insect,Insecta,Terrestrial insect,Insecta,Arthropoda,Hexapoda,Arachnida,Acari,NA,hydracarina,NA,NA,NA,NA,NA,NA,NA,NA,NA,NA,"unranked, but suborder area"
3,Macro Invertebrate,arachnida,NA,Arachnida,Arachnida,Insecta,Insecta,Terrestrial insect,Insecta,Terrestrial insect,Insecta,Arthropoda,Hexapoda,Arachnida,NA,NA,NA,NA,NA,NA,NA,NA,NA,NA,NA,NA,NA,NA
3,Macro Invertebrate,araneae,Spiders,Arachnida,Araneae,Insecta,Insecta,Terrestrial insect,Insecta,Terrestrial insect,Insecta,Arthropoda,Hexapoda,Arachnida,NA,Araneae,NA,NA,NA,NA,NA,NA,NA,NA,NA,NA,NA,NA
3,Macro Invertebrate,insecta,Insecta,Insecta,Insecta,Insecta,Insecta,Insecta,Insecta,Insecta,Insecta,NA,NA,NA,NA,NA,NA,NA,NA,NA,NA,NA,NA,NA,NA,NA,NA,
3,Macro Invertebrate,insecta  ,Insecta,Insecta,Insecta,Insecta,Insecta,Insecta,Insecta,Insecta,Insecta,NA,NA,NA,NA,NA,NA,NA,NA,NA,NA,NA,NA,NA,NA,NA,NA,
3,Macro Invertebrate,coenagrionidae,Damselfly,Odonata,Coenagrionidae,Insecta,Insecta,Benthic macro,Insecta,Aquatic insect,Insecta,Arthropoda,Hexapoda,Insecta,Pterygota,Odonata,Zygoptera,Coenagrionidae,NA,NA,NA,NA,NA,NA,NA,NA,NA,NA
3,Macro Invertebrate,zygoptera,Damselfly,Odonata,zygoptera ,Insecta,Insecta,Benthic macro,Insecta,Aquatic insect,Insecta,Arthropoda,Hexapoda,Insecta,Pterygota,Odonata,Zygoptera,NA,NA,NA,NA,NA,NA,NA,NA,NA,NA,NA
3,Macro Invertebrate,odonata,Dragonflies and damselflies,Odonata,Odonata,Insecta,Insecta,Benthic macro,Insecta,Aquatic insect,Insecta,Arthropoda,Hexapoda,Insecta,Pterygota,Odonata,NA,NA,NA,NA,NA,NA,NA,NA,Aquatic/semi-aquatic,NA,NA,NA
3,Macro Invertebrate,perlidae,Predatory stoneflies,Plecoptera,Perlidae,Insecta,Insecta,Benthic macro,Insecta,Aquatic insect,Insecta,Arthropoda,Hexapoda,Insecta,Pterygota,Plecoptera,Systellognatha,Perlidae,NA,NA,NA,NA,NA,NA,NA,NA,NA,NA
3,Macro Invertebrate,plecoptera,Stoneflies,Plecoptera,Plecoptera,Insecta,Insecta,Benthic macro,Insecta,Aquatic insect,Insecta,Arthropoda,Hexapoda,Insecta,Pterygota,Plecoptera,NA,NA,NA,NA,NA,NA,NA,NA,NA,NA,NA,NA
3,Macro Invertebrate,thripidae,Thrips,Thysanoptera,Thripidae,Insecta,Insecta,Terrestrial insect,Insecta,Terrestrial insect,Insecta,Arthropoda,Hexapoda,Insecta,Pterygota,Thysanoptera,NA,Thripidae,NA,NA,NA,NA,NA,NA,NA,NA,NA,NA
3,Macro Invertebrate,thysanoptera,Thrips,Thysanoptera,Thysanoptera,Insecta,Insecta,Terrestrial insect,Insecta,Terrestrial insect,Insecta,Arthropoda,Hexapoda,Insecta,Pterygota,Thysanoptera,NA,NA,NA,NA,NA,NA,NA,NA,NA,NA,NA,NA
3,Macro Invertebrate,dytiscidae,Diving Beetle,Coleoptera,Dytiscidae,Insecta,Insecta,Rare,Insecta,Aquatic insect,Insecta,Arthropoda,Hexapoda,Insecta,NA,Coleoptera,Adephaga,Dytiscidae,NA,NA,NA,NA,NA,NA,NA,NA,NA,NA
3,Macro Invertebrate,carabidae,Ground beetle,Coleoptera,Carabidae,Insecta,Insecta,Terrestrial insect,Insecta,Terrestrial insect,Insecta,Arthropoda,Hexapoda,Insecta,NA,Coleoptera,Adephaga,Carabidae,NA,NA,NA,NA,NA,NA,NA,NA,NA,NA
3,Macro Invertebrate,coleoptera,Beetles,Coleoptera,Coleoptera,Insecta,Insecta,Terrestrial insect,Insecta,Terrestrial insect,Insecta,Arthropoda,Hexapoda,Insecta,NA,Coleoptera,NA,NA,NA,NA,NA,NA,NA,NA,NA,NA,NA,NA
3,Macro Invertebrate,tenebrionidae,Darkling beetle,Coleoptera,Coleoptera,Insecta,Insecta,Terrestrial insect,Insecta,Terrestrial insect,Insecta,Arthropoda,Hexapoda,Insecta,NA,Coleoptera,Polyphaga,tenebrionidae,NA,NA,NA,NA,NA,NA,NA,NA,NA,NA
3,Macro Invertebrate,anobiidae,Wood borers,Coleoptera,Anobiidae,Insecta,Insecta,Terrestrial insect,Insecta,Terrestrial insect,Insecta,Arthropoda,Hexapoda,Insecta,NA,Coleoptera,Polyphaga,Anobiidae,NA,NA,NA,NA,NA,NA,NA,NA,NA,NA
3,Macro Invertebrate,staphylinidae,Rove beetle,Coleoptera,Staphylinidae,Insecta,Insecta,Terrestrial insect,Insecta,Terrestrial insect,Insecta,Arthropoda,Hexapoda,Insecta,NA,Coleoptera,Polyphaga,Staphylinidae,NA,NA,NA,NA,NA,NA,NA,NA,NA,NA
3,Macro Invertebrate,curculionidea,Weevil,Coleoptera,Curculionidea,Insecta,Insecta,Terrestrial insect,Insecta,Terrestrial insect,Insecta,Arthropoda,Hexapoda,Insecta,NA,Coleoptera,Polyphaga,Curculionidae,NA,NA,NA,NA,NA,NA,NA,NA,NA,NA
3,Macro Invertebrate,elytridae,Click beetle,Coleoptera,Elateridae,Insecta,Insecta,Terrestrial insect,Insecta,Terrestrial insect,Insecta,Arthropoda,Hexapoda,Insecta,NA,Coleoptera,Polyphaga,Elateridae,NA,NA,NA,NA,NA,NA,NA,NA,NA,NA
3,Macro Invertebrate,collembola,Springtails,Collembola,Collembola,Insecta,Insecta,Terrestrial insect,Insecta,Terrestrial insect,Insecta,Arthropoda,Hexapoda,Insecta,NA,Collembola,NA,NA,NA,NA,NA,NA,NA,NA,NA,NA,NA,NA
3,Macro Invertebrate,hydropsychidae,Caddis fly,Diptera,Hydropsychidae,Insecta,Insecta,Diptera,Insecta,Aquatic insect,Insecta,Arthropoda,Hexapoda,Insecta,NA,Diptera,Anulipalpia,Hydropsychidae,NA,NA,NA,NA,NA,NA,NA,NA,NA,NA
3,Macro Invertebrate,sciaridae,Fungus gnat,Diptera,Sciaridae,Insecta,Insecta,Diptera,Insecta,Aquatic insect,Insecta,Arthropoda,Hexapoda,Insecta,NA,Diptera,NA,Sciaridae,NA,NA,NA,NA,NA,NA,NA,NA,NA,NA
3,Macro Invertebrate,ephemeroptera,Mayflies,Ephemeroptera,Ephemeroptera,Insecta,Insecta,Benthic macro,Insecta,Aquatic insect,Insecta,Arthropoda,Hexapoda,Insecta,NA,Ephemeroptera,NA,NA,NA,NA,NA,NA,NA,NA,NA,NA,NA,NA
3,Macro Invertebrate,baetidae,Small mayflies,Ephemeroptera,Baetidae,Insecta,Insecta,Benthic macro,Insecta,Aquatic insect,Insecta,Arthropoda,Hexapoda,Insecta,NA,Ephemeroptera,Pisciforma,Baetidae,NA,NA,NA,NA,NA,NA,NA,NA,NA,NA
3,Macro Invertebrate,notonectidae,Backswimmer,Hemiptera,Notonectidae,Insecta,Insecta,Rare,Insecta,Aquatic insect,Insecta,Arthropoda,Hexapoda,Insecta,NA,Hemiptera,Heteroptera,Notonectidae,NA,NA,NA,NA,NA,NA,NA,NA,NA,NA
3,Macro Invertebrate,corixidae,Water boatmen,Hemiptera,Corixidae,Insecta,Insecta,Rare,Insecta,Aquatic insect,Insecta,Arthropoda,Hexapoda,Insecta,NA,Hemiptera,Heteroptera,Corixidae,NA,NA,NA,NA,NA,NA,NA,NA,NA,NA
3,Macro Invertebrate,aphididae,Aphid,Hemiptera,Aphididae,Insecta,Insecta,Terrestrial insect,Insecta,Terrestrial insect,Insecta,Arthropoda,Hexapoda,Insecta,NA,Hemiptera,Sternorrhyncha,Aphididae,NA,NA,NA,NA,NA,NA,NA,NA,NA,NA
3,Macro Invertebrate,sternorrhyncha,"Aphids, whiteflies, and scale insects",Hemiptera,Sternorrhyncha,Insecta,Insecta,Terrestrial insect,Insecta,Terrestrial insect,Insecta,Arthropoda,Hexapoda,Insecta,NA,Hemiptera,Sternorrhyncha,NA,NA,NA,NA,NA,NA,NA,NA,NA,NA,NA
3,Macro Invertebrate,anthocoridae,Flower bugs,Hemiptera,Anthocoridae,Insecta,Insecta,Terrestrial insect,Insecta,Terrestrial insect,Insecta,Arthropoda,Hexapoda,Insecta,NA,Hemiptera,Heteroptera,Anthocoridae,NA,NA,NA,NA,NA,NA,NA,NA,NA,NA
3,Macro Invertebrate,hemiptera,"True bugs (cicadas, aphids, etc.)",Hemiptera,Hemiptera,Insecta,Insecta,Terrestrial insect,Insecta,Terrestrial insect,Insecta,Arthropoda,Hexapoda,Insecta,NA,Hemiptera,NA,NA,NA,NA,NA,NA,NA,NA,NA,NA,NA,NA
3,Macro Invertebrate,psyllidae,Jumping plant lice,Hemiptera,Psyllidae,Insecta,Insecta,Terrestrial insect,Insecta,Terrestrial insect,Insecta,Arthropoda,Hexapoda,Insecta,NA,Hemiptera,Psylloidea,Psyllidae,NA,NA,NA,NA,NA,NA,NA,NA,NA,NA
3,Macro Invertebrate,cicadellidae,"True bugs (cicadas, aphids, etc.)",Hemiptera,Cicadellidae,Insecta,Insecta,Terrestrial insect,Insecta,Terrestrial insect,Insecta,Arthropoda,Hexapoda,Insecta,NA,Hemiptera,NA,Cicadellidae,NA,NA,NA,NA,NA,NA,NA,NA,NA,NA
3,Macro Invertebrate,formicidae,Ants,Hymenoptera,Formicidae,Insecta,Insecta,Terrestrial insect,Insecta,Terrestrial insect,Insecta,Arthropoda,Hexapoda,Insecta,NA,Hymenoptera,NA,Formicidae,Formicidae,NA,NA,NA,NA,NA,NA,NA,NA,NA
3,Macro Invertebrate,cynipidae,Gall wasp,Hymenoptera,Cynipidae,Insecta,Insecta,Terrestrial insect,Insecta,Terrestrial insect,Insecta,Arthropoda,Hexapoda,Insecta,NA,Hymenoptera,NA,Cynipidae,NA,NA,NA,NA,NA,NA,NA,NA,NA,NA
3,Macro Invertebrate,hymenoptera,"Bees, wasps, and ants",Hymenoptera,Hymenoptera,Insecta,Insecta,Terrestrial insect,Insecta,Terrestrial insect,Insecta,Arthropoda,Hexapoda,Insecta,NA,Hymenoptera,NA,NA,NA,NA,NA,NA,NA,NA,NA,NA,NA,NA
3,Macro Invertebrate,lepidoptera,Butterflies and moths,Lepidoptera,Lepidoptera,Insecta,Insecta,Terrestrial insect,Insecta,Terrestrial insect,Insecta,Arthropoda,Hexapoda,Insecta,NA,Lepidoptera,NA,NA,NA,NA,NA,NA,NA,NA,NA,NA,NA,NA
3,Macro Invertebrate,crambidae,Butterflies and moths,Lepidoptera,Crambidae,Insecta,Insecta,Terrestrial insect,Insecta,Terrestrial insect,Insecta,Arthropoda,Hexapoda,Insecta,NA,Lepidoptera,NA,Crambidae,NA,NA,NA,NA,NA,NA,NA,NA,NA,NA
3,Macro Invertebrate,neuroptera,net-winged insects,Nueroptera,Nueroptera,Insecta,Insecta,Aquatic insect,Insecta,Aquatic insect,Insecta,Arthropoda,Hexapoda,Insecta,NA,Nueroptera,NA,NA,NA,NA,NA,NA,NA,NA,NA,NA,NA,NA
3,Macro Invertebrate,megaloptera,"alderflies, dobsonflies, fishflies",Nueroptera,Megaloptera,Insecta,Insecta,Aquatic insect,Insecta,Aquatic insect,Insecta,Arthropoda,Hexapoda,Insecta,NA,Megaloptera,NA,NA,NA,NA,NA,NA,NA,NA,NA,NA,NA,NA
3,Macro Invertebrate,psocoptera,booklice,Psocoptera,Psocoptera,Insecta,Insecta,Terrestrial insect,Insecta,Terrestrial insect,Insecta,Arthropoda,Hexapoda,Insecta,NA,Psocoptera,NA,NA,NA,NA,NA,NA,NA,NA,NA,NA,NA,NA
3,Macro Invertebrate,trichoptera,Caddisflies,Trichoptera,Trichoptera,Insecta,Insecta,Benthic macro,Insecta,Aquatic insect,Insecta,Arthropoda,Hexapoda,Insecta,NA,Trichoptera,NA,NA,NA,NA,NA,NA,NA,NA,NA,NA,NA,NA
3,Macro Invertebrate,hydroptilidae,Caddisflies,Trichoptera,Hydroptilidae,Insecta,Insecta,Benthic macro,Insecta,Aquatic insect,Insecta,Arthropoda,Hexapoda,Insecta,NA,Trichoptera,NA,Hydroptilidae,NA,NA,NA,NA,NA,NA,NA,NA,NA,NA
3,Macro Invertebrate,arthropoda,arthropods,Insecta,Arthropoda,Insecta,Insecta,Unknown insect,Insecta,Unknown insect,Insecta,Arthropoda,Hexapoda,Insecta,NA,Arthropoda,NA,NA,NA,NA,NA,NA,NA,NA,NA,NA,NA,NA
4,Other,hirudinae,Leech,Clitellata,hirudinae,Rare,Rare,Annelid,Rare,Worm,Rare,Annelida,NA,Clitellata,Hirudinea,NA,NA,NA,NA,NA,NA,NA,NA,NA,NA,NA,NA,NA
4,Other,oligochaeta,Worms,Clitellata,oligochaeta,Rare,Rare,Annelid,Rare,Worm,Rare,Annelida,NA,Clitellata,Oligochaeta,NA,NA,NA,NA,NA,NA,NA,NA,NA,NA,NA,NA,NA
4,Other,oligocheate,Worms,Clitellata,oligochaeta,Rare,Rare,Annelid,Rare,Worm,Rare,Annelida,NA,Clitellata,Oligochaeta,NA,NA,NA,NA,NA,NA,NA,NA,NA,NA,NA,NA,NA
4,Other,polychaeta,Bristle worm,Polychaeta,polychaeta,Rare,Rare,Annelid,Rare,Worm,Rare,Annelida,NA,Polychaeta,NA,NA,NA,NA,NA,NA,NA,NA,NA,NA,NA,NA,NA,NA
4,Other,actinopterygii,Fish,Actinopterygii,actinopterygii,Rare,Rare,Rare,Rare,Rare,Rare,Chordata,NA,Actinopterygii,NA,NA,NA,NA,NA,NA,NA,NA,NA,NA,NA,NA,NA,NA
4,Other,larvalfish,Fish,Actinopterygii,larvalfish,Rare,Rare,Rare,Rare,Rare,Rare,Chordata,NA,Actinopterygii,NA,NA,NA,NA,NA,NA,NA,NA,NA,NA,NA,NA,NA,NA
4,Other,hydra,NA,Hydrozoa,Hydridae,Rare,Rare,Rare,Rare,Rare,Rare,Cnidaria,NA,Hydrozoa,NA,Anthoathecata,NA,Hydridae,Hydra,NA,NA,NA,NA,NA,NA,NA,NA,NA
4,Other,gastropoda,Snails and slugs,Gastropoda,gastropoda,Rare,Rare,Rare,Rare,Rare,Rare,Mollusca,NA,Gastropoda,NA,NA,NA,NA,NA,NA,NA,NA,NA,NA,NA,NA,NA,NA
4,Other,nematoda,Nematode,Nematoda,nematoda,Rare,Rare,Nematoda,Rare,Worm,Rare,Nematoda,NA,NA,NA,NA,NA,NA,NA,NA,NA,NA,NA,NA,NA,NA,NA,NA
4,Other,tardigrada,Water bear,Tardigrada,Tardigrada,Rare,Rare,Rare,Rare,Rare,Rare,Tardigrada,NA,NA,NA,NA,NA,NA,NA,NA,NA,NA,NA,NA,NA,NA,NA,NA
4,Other,tardigrade,Water bear,Tardigrada,Tardigrada,Rare,Rare,Rare,Rare,Rare,Rare,Tardigrade,NA,NA,NA,NA,NA,NA,NA,NA,NA,NA,NA,NA,NA,NA,NA,NA
4,Other,ambigua,NA,ambigua,ambigua,Rare,Rare,Rare,Rare,Rare,Rare,NA,NA,NA,NA,NA,NA,NA,NA,NA,NA,NA,NA,NA,NA,NA,NA,NA
4,Small Cladoceran,embryo,NA,embryo,embryo,Rare,Rare,Rare,Rare,Rare,Rare,NA,NA,NA,NA,NA,NA,NA,NA,NA,NA,NA,NA,NA,NA,NA,NA,NA
4,Other,bivalvia,molluscs,bivalvia,bivalvia,Rare,Rare,Rare,Rare,Rare,Rare,Mollusca,NA,Bivalvia,NA,NA,NA,NA,NA,NA,NA,NA,NA,NA,NA,NA,NA,NA
4,Other,pelecypoda,molluscs,bivalvia,bivalvia,Rare,Rare,Rare,Rare,Rare,Rare,Mollusca,NA,Bivalvia,NA,NA,NA,NA,NA,NA,NA,NA,NA,NA,NA,NA,NA,NA
4,Other,lithiomorpha,Centipedes,Lithiomorpha,lithiomorpha,Rare,Rare,Rare,Rare,Rare,Rare,NA,NA,NA,NA,NA,NA,NA,NA,NA,NA,NA,NA,NA,NA,NA,NA,NA
4,Other,Unknown,Unknown,Unknown,Unknown,Rare,Rare,Rare,Rare,Rare,Rare,NA,NA,NA,NA,NA,NA,NA,NA,NA,NA,NA,NA,NA,NA,NA,NA,NA
5,Other,unknown,unknown,unknown,unknown,Rare,Rare,Rare,Rare,Rare,Rare,NA,NA,NA,NA,NA,NA,NA,NA,NA,NA,NA,NA,NA,NA,NA,NA,NA
